"1","1000","","172","31","2021-06-17T22:35:58.000000Z","2021-06-17T22:35:58.000000Z"
"2","1001","","1058","32","2021-06-17T22:35:58.000000Z","2021-06-17T22:35:58.000000Z"
"3","1001","","54","33","2021-06-17T22:35:58.000000Z","2021-06-17T22:35:58.000000Z"
"4","1002","","83","34","2021-06-17T22:35:58.000000Z","2021-06-17T22:35:58.000000Z"
"5","1003","","766","35","2021-06-17T22:35:58.000000Z","2021-06-17T22:35:58.000000Z"
"6","1004","","1033","36","2021-06-17T22:35:58.000000Z","2021-06-17T22:35:58.000000Z"
"7","1005","","1196","37","2021-06-17T22:35:58.000000Z","2021-06-17T22:35:58.000000Z"
"8","1006","","455","38","2021-06-17T22:35:58.000000Z","2021-06-17T22:35:58.000000Z"
"9","1007","","555","39","2021-06-17T22:35:58.000000Z","2021-06-17T22:35:58.000000Z"
"10","1008","","694","40","2021-06-17T22:35:58.000000Z","2021-06-17T22:35:58.000000Z"
"11","1009","","313","41","2021-06-17T22:35:58.000000Z","2021-06-17T22:35:58.000000Z"
"12","1010","","1147","42","2021-06-17T22:35:58.000000Z","2021-06-17T22:35:58.000000Z"
"13","1011","","1206","43","2021-06-17T22:35:58.000000Z","2021-06-17T22:35:58.000000Z"
"14","1012","","929","44","2021-06-17T22:35:58.000000Z","2021-06-17T22:35:58.000000Z"
"15","1013","","406","45","2021-06-17T22:35:58.000000Z","2021-06-17T22:35:58.000000Z"
"16","1014","","658","46","2021-06-17T22:35:58.000000Z","2021-06-17T22:35:58.000000Z"
"17","1015","","742","47","2021-06-17T22:35:58.000000Z","2021-06-17T22:35:58.000000Z"
"18","1016","","286","48","2021-06-17T22:35:58.000000Z","2021-06-17T22:35:58.000000Z"
"19","1017","","1227","49","2021-06-17T22:35:59.000000Z","2021-06-17T22:35:59.000000Z"
"20","1018","","227","50","2021-06-17T22:35:59.000000Z","2021-06-17T22:35:59.000000Z"
"21","1018","","514","51","2021-06-17T22:35:59.000000Z","2021-06-17T22:35:59.000000Z"
"22","1018","","52","52","2021-06-17T22:35:59.000000Z","2021-06-17T22:35:59.000000Z"
"23","1018","","827","53","2021-06-17T22:35:59.000000Z","2021-06-17T22:35:59.000000Z"
"24","1018","","1183","54","2021-06-17T22:35:59.000000Z","2021-06-17T22:35:59.000000Z"
"25","1018","","72","55","2021-06-17T22:35:59.000000Z","2021-06-17T22:35:59.000000Z"
"26","1018","","1116","56","2021-06-17T22:35:59.000000Z","2021-06-17T22:35:59.000000Z"
"27","1018","","994","57","2021-06-17T22:35:59.000000Z","2021-06-17T22:35:59.000000Z"
"28","1018","","51","58","2021-06-17T22:35:59.000000Z","2021-06-17T22:35:59.000000Z"
"29","1018","","47","59","2021-06-17T22:35:59.000000Z","2021-06-17T22:35:59.000000Z"
"30","1018","","963","60","2021-06-17T22:35:59.000000Z","2021-06-17T22:35:59.000000Z"
"31","1018","","1269","61","2021-06-17T22:35:59.000000Z","2021-06-17T22:35:59.000000Z"
"32","1018","","1477","62","2021-06-17T22:35:59.000000Z","2021-06-17T22:35:59.000000Z"
"33","1018","","91","63","2021-06-17T22:35:59.000000Z","2021-06-17T22:35:59.000000Z"
"34","1018","","468","64","2021-06-17T22:35:59.000000Z","2021-06-17T22:35:59.000000Z"
"35","1018","","1237","65","2021-06-17T22:35:59.000000Z","2021-06-17T22:35:59.000000Z"
"36","1018","","930","66","2021-06-17T22:35:59.000000Z","2021-06-17T22:35:59.000000Z"
"37","1018","","646","67","2021-06-17T22:35:59.000000Z","2021-06-17T22:35:59.000000Z"
"38","1018","","316","68","2021-06-17T22:35:59.000000Z","2021-06-17T22:35:59.000000Z"
"39","1018","","419","69","2021-06-17T22:35:59.000000Z","2021-06-17T22:35:59.000000Z"
"40","1018","","806","70","2021-06-17T22:35:59.000000Z","2021-06-17T22:35:59.000000Z"
"41","1018","","361","71","2021-06-17T22:35:59.000000Z","2021-06-17T22:35:59.000000Z"
"42","1018","","770","72","2021-06-17T22:35:59.000000Z","2021-06-17T22:35:59.000000Z"
"43","1018","","981","73","2021-06-17T22:35:59.000000Z","2021-06-17T22:35:59.000000Z"
"44","1018","","1220","74","2021-06-17T22:35:59.000000Z","2021-06-17T22:35:59.000000Z"
"45","1018","","542","75","2021-06-17T22:35:59.000000Z","2021-06-17T22:35:59.000000Z"
"46","1018","","648","76","2021-06-17T22:35:59.000000Z","2021-06-17T22:35:59.000000Z"
"47","1018","","345","77","2021-06-17T22:35:59.000000Z","2021-06-17T22:35:59.000000Z"
"48","1018","","1139","78","2021-06-17T22:35:59.000000Z","2021-06-17T22:35:59.000000Z"
"49","1018","","643","79","2021-06-17T22:35:59.000000Z","2021-06-17T22:35:59.000000Z"
"50","1018","","906","80","2021-06-17T22:35:59.000000Z","2021-06-17T22:35:59.000000Z"
"51","1018","","671","81","2021-06-17T22:35:59.000000Z","2021-06-17T22:35:59.000000Z"
"52","1018","","1129","82","2021-06-17T22:36:00.000000Z","2021-06-17T22:36:00.000000Z"
"53","1019","","1052","83","2021-06-17T22:36:00.000000Z","2021-06-17T22:36:00.000000Z"
"54","1020","","913","84","2021-06-17T22:36:00.000000Z","2021-06-17T22:36:00.000000Z"
"55","1021","","126","85","2021-06-17T22:36:00.000000Z","2021-06-17T22:36:00.000000Z"
"56","1022","","821","86","2021-06-17T22:36:00.000000Z","2021-06-17T22:36:00.000000Z"
"57","1023","","548","87","2021-06-17T22:36:00.000000Z","2021-06-17T22:36:00.000000Z"
"58","1024","","862","88","2021-06-17T22:36:00.000000Z","2021-06-17T22:36:00.000000Z"
"59","1025","","1483","89","2021-06-17T22:36:00.000000Z","2021-06-17T22:36:00.000000Z"
"60","1026","","516","90","2021-06-17T22:36:00.000000Z","2021-06-17T22:36:00.000000Z"
"61","1027","","768","91","2021-06-17T22:36:00.000000Z","2021-06-17T22:36:00.000000Z"
"62","1028","","1461","92","2021-06-17T22:36:00.000000Z","2021-06-17T22:36:00.000000Z"
"63","1029","","512","93","2021-06-17T22:36:00.000000Z","2021-06-17T22:36:00.000000Z"
"64","1030","","1268","94","2021-06-17T22:36:00.000000Z","2021-06-17T22:36:00.000000Z"
"65","1031","","693","95","2021-06-17T22:36:00.000000Z","2021-06-17T22:36:00.000000Z"
"66","1032","","1371","96","2021-06-17T22:36:00.000000Z","2021-06-17T22:36:00.000000Z"
"67","1033","","1230","97","2021-06-17T22:36:00.000000Z","2021-06-17T22:36:00.000000Z"
"68","1034","","701","98","2021-06-17T22:36:00.000000Z","2021-06-17T22:36:00.000000Z"
"69","1035","","533","99","2021-06-17T22:36:00.000000Z","2021-06-17T22:36:00.000000Z"
"70","1036","","741","100","2021-06-17T22:36:00.000000Z","2021-06-17T22:36:00.000000Z"
"71","1037","","1160","101","2021-06-17T22:36:00.000000Z","2021-06-17T22:36:00.000000Z"
"72","1038","","1401","102","2021-06-17T22:36:00.000000Z","2021-06-17T22:36:00.000000Z"
"73","1039","","437","103","2021-06-17T22:36:00.000000Z","2021-06-17T22:36:00.000000Z"
"74","1040","","600","104","2021-06-17T22:36:00.000000Z","2021-06-17T22:36:00.000000Z"
"75","1041","","1436","105","2021-06-17T22:36:00.000000Z","2021-06-17T22:36:00.000000Z"
"76","1042","","362","106","2021-06-17T22:36:00.000000Z","2021-06-17T22:36:00.000000Z"
"77","1043","","480","107","2021-06-17T22:36:00.000000Z","2021-06-17T22:36:00.000000Z"
"78","1044","","1275","108","2021-06-17T22:36:00.000000Z","2021-06-17T22:36:00.000000Z"
"79","1045","","614","109","2021-06-17T22:36:00.000000Z","2021-06-17T22:36:00.000000Z"
"80","1046","","186","110","2021-06-17T22:36:00.000000Z","2021-06-17T22:36:00.000000Z"
"81","1047","","765","111","2021-06-17T22:36:00.000000Z","2021-06-17T22:36:00.000000Z"
"82","1048","","1318","112","2021-06-17T22:36:00.000000Z","2021-06-17T22:36:00.000000Z"
"83","1049","","1498","113","2021-06-17T22:36:00.000000Z","2021-06-17T22:36:00.000000Z"
"84","1050","","1097","114","2021-06-17T22:36:00.000000Z","2021-06-17T22:36:00.000000Z"
"85","1051","","687","115","2021-06-17T22:36:00.000000Z","2021-06-17T22:36:00.000000Z"
"86","1052","","169","116","2021-06-17T22:36:01.000000Z","2021-06-17T22:36:01.000000Z"
"87","1053","","1067","117","2021-06-17T22:36:01.000000Z","2021-06-17T22:36:01.000000Z"
"88","1053","","173","118","2021-06-17T22:36:01.000000Z","2021-06-17T22:36:01.000000Z"
"89","1053","","1072","119","2021-06-17T22:36:01.000000Z","2021-06-17T22:36:01.000000Z"
"90","1053","","221","120","2021-06-17T22:36:01.000000Z","2021-06-17T22:36:01.000000Z"
"91","1053","","192","121","2021-06-17T22:36:01.000000Z","2021-06-17T22:36:01.000000Z"
"92","1053","","691","122","2021-06-17T22:36:01.000000Z","2021-06-17T22:36:01.000000Z"
"93","1053","","198","123","2021-06-17T22:36:01.000000Z","2021-06-17T22:36:01.000000Z"
"94","1053","","868","124","2021-06-17T22:36:01.000000Z","2021-06-17T22:36:01.000000Z"
"95","1053","","185","125","2021-06-17T22:36:01.000000Z","2021-06-17T22:36:01.000000Z"
"96","1053","","1346","126","2021-06-17T22:36:01.000000Z","2021-06-17T22:36:01.000000Z"
"97","1053","","94","127","2021-06-17T22:36:01.000000Z","2021-06-17T22:36:01.000000Z"
"98","1053","","636","128","2021-06-17T22:36:01.000000Z","2021-06-17T22:36:01.000000Z"
"99","1053","","488","129","2021-06-17T22:36:01.000000Z","2021-06-17T22:36:01.000000Z"
"100","1053","","558","130","2021-06-17T22:36:01.000000Z","2021-06-17T22:36:01.000000Z"
"101","1053","","855","131","2021-06-17T22:36:01.000000Z","2021-06-17T22:36:01.000000Z"
"102","1053","","961","132","2021-06-17T22:36:01.000000Z","2021-06-17T22:36:01.000000Z"
"103","1053","","59","133","2021-06-17T22:36:01.000000Z","2021-06-17T22:36:01.000000Z"
"104","1053","","1420","134","2021-06-17T22:36:01.000000Z","2021-06-17T22:36:01.000000Z"
"105","1053","","159","135","2021-06-17T22:36:01.000000Z","2021-06-17T22:36:01.000000Z"
"106","1053","","1402","136","2021-06-17T22:36:01.000000Z","2021-06-17T22:36:01.000000Z"
"107","1053","","1026","137","2021-06-17T22:36:01.000000Z","2021-06-17T22:36:01.000000Z"
"108","1053","","33","138","2021-06-17T22:36:01.000000Z","2021-06-17T22:36:01.000000Z"
"109","1053","","867","139","2021-06-17T22:36:01.000000Z","2021-06-17T22:36:01.000000Z"
"110","1053","","826","140","2021-06-17T22:36:01.000000Z","2021-06-17T22:36:01.000000Z"
"111","1053","","167","141","2021-06-17T22:36:01.000000Z","2021-06-17T22:36:01.000000Z"
"112","1053","","113","142","2021-06-17T22:36:01.000000Z","2021-06-17T22:36:01.000000Z"
"113","1053","","898","143","2021-06-17T22:36:01.000000Z","2021-06-17T22:36:01.000000Z"
"114","1053","","736","144","2021-06-17T22:36:01.000000Z","2021-06-17T22:36:01.000000Z"
"115","1053","","1031","145","2021-06-17T22:36:01.000000Z","2021-06-17T22:36:01.000000Z"
"116","1053","","571","146","2021-06-17T22:36:02.000000Z","2021-06-17T22:36:02.000000Z"
"117","1054","","1217","147","2021-06-17T22:36:02.000000Z","2021-06-17T22:36:02.000000Z"
"118","1055","","78","148","2021-06-17T22:36:02.000000Z","2021-06-17T22:36:02.000000Z"
"119","1056","","343","149","2021-06-17T22:36:02.000000Z","2021-06-17T22:36:02.000000Z"
"120","1057","","26","150","2021-06-17T22:36:02.000000Z","2021-06-17T22:36:02.000000Z"
"121","1058","","650","151","2021-06-17T22:36:02.000000Z","2021-06-17T22:36:02.000000Z"
"122","1059","","1449","152","2021-06-17T22:36:02.000000Z","2021-06-17T22:36:02.000000Z"
"123","1060","","859","153","2021-06-17T22:36:02.000000Z","2021-06-17T22:36:02.000000Z"
"124","1061","","597","154","2021-06-17T22:36:02.000000Z","2021-06-17T22:36:02.000000Z"
"125","1062","","1466","155","2021-06-17T22:36:02.000000Z","2021-06-17T22:36:02.000000Z"
"126","1063","","1482","156","2021-06-17T22:36:02.000000Z","2021-06-17T22:36:02.000000Z"
"127","1064","","1254","157","2021-06-17T22:36:02.000000Z","2021-06-17T22:36:02.000000Z"
"128","1065","","23","158","2021-06-17T22:36:02.000000Z","2021-06-17T22:36:02.000000Z"
"129","1066","","385","159","2021-06-17T22:36:02.000000Z","2021-06-17T22:36:02.000000Z"
"130","1067","","1350","160","2021-06-17T22:36:02.000000Z","2021-06-17T22:36:02.000000Z"
"131","1068","","269","161","2021-06-17T22:36:02.000000Z","2021-06-17T22:36:02.000000Z"
"132","1069","","1307","162","2021-06-17T22:36:02.000000Z","2021-06-17T22:36:02.000000Z"
"133","1070","","880","163","2021-06-17T22:36:02.000000Z","2021-06-17T22:36:02.000000Z"
"134","1071","","682","164","2021-06-17T22:36:02.000000Z","2021-06-17T22:36:02.000000Z"
"135","1072","","1446","165","2021-06-17T22:36:02.000000Z","2021-06-17T22:36:02.000000Z"
"136","1073","","1500","166","2021-06-17T22:36:02.000000Z","2021-06-17T22:36:02.000000Z"
"137","1074","","1168","167","2021-06-17T22:36:02.000000Z","2021-06-17T22:36:02.000000Z"
"138","1075","","640","168","2021-06-17T22:36:02.000000Z","2021-06-17T22:36:02.000000Z"
"139","1076","","828","169","2021-06-17T22:36:02.000000Z","2021-06-17T22:36:02.000000Z"
"140","1077","","1372","170","2021-06-17T22:36:02.000000Z","2021-06-17T22:36:02.000000Z"
"141","1078","","724","171","2021-06-17T22:36:02.000000Z","2021-06-17T22:36:02.000000Z"
"142","1079","","271","172","2021-06-17T22:36:02.000000Z","2021-06-17T22:36:02.000000Z"
"143","1080","","1144","173","2021-06-17T22:36:02.000000Z","2021-06-17T22:36:02.000000Z"
"144","1081","","1143","174","2021-06-17T22:36:02.000000Z","2021-06-17T22:36:02.000000Z"
"145","1082","","1388","175","2021-06-17T22:36:03.000000Z","2021-06-17T22:36:03.000000Z"
"146","1083","","718","176","2021-06-17T22:36:03.000000Z","2021-06-17T22:36:03.000000Z"
"147","1083","","462","177","2021-06-17T22:36:03.000000Z","2021-06-17T22:36:03.000000Z"
"148","1083","","24","178","2021-06-17T22:36:03.000000Z","2021-06-17T22:36:03.000000Z"
"149","1083","","344","179","2021-06-17T22:36:03.000000Z","2021-06-17T22:36:03.000000Z"
"150","1083","","289","180","2021-06-17T22:36:03.000000Z","2021-06-17T22:36:03.000000Z"
"151","1083","","762","181","2021-06-17T22:36:03.000000Z","2021-06-17T22:36:03.000000Z"
"152","1083","","562","182","2021-06-17T22:36:03.000000Z","2021-06-17T22:36:03.000000Z"
"153","1083","","984","183","2021-06-17T22:36:03.000000Z","2021-06-17T22:36:03.000000Z"
"154","1083","","161","184","2021-06-17T22:36:03.000000Z","2021-06-17T22:36:03.000000Z"
"155","1083","","983","185","2021-06-17T22:36:03.000000Z","2021-06-17T22:36:03.000000Z"
"156","1083","","1178","186","2021-06-17T22:36:03.000000Z","2021-06-17T22:36:03.000000Z"
"157","1083","","681","187","2021-06-17T22:36:03.000000Z","2021-06-17T22:36:03.000000Z"
"158","1083","","573","188","2021-06-17T22:36:03.000000Z","2021-06-17T22:36:03.000000Z"
"159","1083","","587","189","2021-06-17T22:36:03.000000Z","2021-06-17T22:36:03.000000Z"
"160","1083","","1487","190","2021-06-17T22:36:03.000000Z","2021-06-17T22:36:03.000000Z"
"161","1083","","745","191","2021-06-17T22:36:03.000000Z","2021-06-17T22:36:03.000000Z"
"162","1083","","1331","192","2021-06-17T22:36:03.000000Z","2021-06-17T22:36:03.000000Z"
"163","1083","","261","193","2021-06-17T22:36:03.000000Z","2021-06-17T22:36:03.000000Z"
"164","1083","","1085","194","2021-06-17T22:36:03.000000Z","2021-06-17T22:36:03.000000Z"
"165","1083","","90","195","2021-06-17T22:36:03.000000Z","2021-06-17T22:36:03.000000Z"
"166","1083","","1187","196","2021-06-17T22:36:03.000000Z","2021-06-17T22:36:03.000000Z"
"167","1083","","133","197","2021-06-17T22:36:03.000000Z","2021-06-17T22:36:03.000000Z"
"168","1083","","389","198","2021-06-17T22:36:03.000000Z","2021-06-17T22:36:03.000000Z"
"169","1083","","696","199","2021-06-17T22:36:03.000000Z","2021-06-17T22:36:03.000000Z"
"170","1083","","993","200","2021-06-17T22:36:03.000000Z","2021-06-17T22:36:03.000000Z"
"171","1083","","82","201","2021-06-17T22:36:03.000000Z","2021-06-17T22:36:03.000000Z"
"172","1083","","299","202","2021-06-17T22:36:03.000000Z","2021-06-17T22:36:03.000000Z"
"173","1083","","146","203","2021-06-17T22:36:03.000000Z","2021-06-17T22:36:03.000000Z"
"174","1083","","97","204","2021-06-17T22:36:03.000000Z","2021-06-17T22:36:03.000000Z"
"175","1083","","1351","205","2021-06-17T22:36:04.000000Z","2021-06-17T22:36:04.000000Z"
"176","1084","","12","206","2021-06-17T22:36:04.000000Z","2021-06-17T22:36:04.000000Z"
"177","1085","","1442","207","2021-06-17T22:36:04.000000Z","2021-06-17T22:36:04.000000Z"
"178","1086","","561","208","2021-06-17T22:36:04.000000Z","2021-06-17T22:36:04.000000Z"
"179","1087","","311","209","2021-06-17T22:36:04.000000Z","2021-06-17T22:36:04.000000Z"
"180","1088","","1203","210","2021-06-17T22:36:04.000000Z","2021-06-17T22:36:04.000000Z"
"181","1089","","1133","211","2021-06-17T22:36:04.000000Z","2021-06-17T22:36:04.000000Z"
"182","1090","","661","212","2021-06-17T22:36:04.000000Z","2021-06-17T22:36:04.000000Z"
"183","1091","","248","213","2021-06-17T22:36:04.000000Z","2021-06-17T22:36:04.000000Z"
"184","1092","","1096","214","2021-06-17T22:36:04.000000Z","2021-06-17T22:36:04.000000Z"
"185","1093","","917","215","2021-06-17T22:36:04.000000Z","2021-06-17T22:36:04.000000Z"
"186","1094","","325","216","2021-06-17T22:36:04.000000Z","2021-06-17T22:36:04.000000Z"
"187","1095","","1003","217","2021-06-17T22:36:04.000000Z","2021-06-17T22:36:04.000000Z"
"188","1096","","734","218","2021-06-17T22:36:04.000000Z","2021-06-17T22:36:04.000000Z"
"189","1097","","598","219","2021-06-17T22:36:04.000000Z","2021-06-17T22:36:04.000000Z"
"190","1098","","1265","220","2021-06-17T22:36:04.000000Z","2021-06-17T22:36:04.000000Z"
"191","1099","","171","221","2021-06-17T22:36:04.000000Z","2021-06-17T22:36:04.000000Z"
"192","1100","","1011","222","2021-06-17T22:36:04.000000Z","2021-06-17T22:36:04.000000Z"
"193","1101","","972","223","2021-06-17T22:36:04.000000Z","2021-06-17T22:36:04.000000Z"
"194","1102","","916","224","2021-06-17T22:36:04.000000Z","2021-06-17T22:36:04.000000Z"
"195","1103","","165","225","2021-06-17T22:36:04.000000Z","2021-06-17T22:36:04.000000Z"
"196","1104","","1340","226","2021-06-17T22:36:04.000000Z","2021-06-17T22:36:04.000000Z"
"197","1105","","142","227","2021-06-17T22:36:04.000000Z","2021-06-17T22:36:04.000000Z"
"198","1106","","807","228","2021-06-17T22:36:04.000000Z","2021-06-17T22:36:04.000000Z"
"199","1107","","444","229","2021-06-17T22:36:04.000000Z","2021-06-17T22:36:04.000000Z"
"200","1108","","545","230","2021-06-17T22:36:04.000000Z","2021-06-17T22:36:04.000000Z"
"201","1109","","4","231","2021-06-17T22:36:05.000000Z","2021-06-17T22:36:05.000000Z"
"202","1110","","1384","232","2021-06-17T22:36:05.000000Z","2021-06-17T22:36:05.000000Z"
"203","1110","","1383","233","2021-06-17T22:36:05.000000Z","2021-06-17T22:36:05.000000Z"
"204","1110","","526","234","2021-06-17T22:36:05.000000Z","2021-06-17T22:36:05.000000Z"
"205","1110","","769","235","2021-06-17T22:36:05.000000Z","2021-06-17T22:36:05.000000Z"
"206","1110","","1391","236","2021-06-17T22:36:05.000000Z","2021-06-17T22:36:05.000000Z"
"207","1110","","129","237","2021-06-17T22:36:05.000000Z","2021-06-17T22:36:05.000000Z"
"208","1110","","1148","238","2021-06-17T22:36:05.000000Z","2021-06-17T22:36:05.000000Z"
"209","1110","","1108","239","2021-06-17T22:36:05.000000Z","2021-06-17T22:36:05.000000Z"
"210","1110","","301","240","2021-06-17T22:36:05.000000Z","2021-06-17T22:36:05.000000Z"
"211","1110","","250","241","2021-06-17T22:36:05.000000Z","2021-06-17T22:36:05.000000Z"
"212","1110","","486","242","2021-06-17T22:36:05.000000Z","2021-06-17T22:36:05.000000Z"
"213","1110","","583","243","2021-06-17T22:36:05.000000Z","2021-06-17T22:36:05.000000Z"
"214","1110","","16","244","2021-06-17T22:36:05.000000Z","2021-06-17T22:36:05.000000Z"
"215","1110","","690","245","2021-06-17T22:36:05.000000Z","2021-06-17T22:36:05.000000Z"
"216","1110","","439","246","2021-06-17T22:36:05.000000Z","2021-06-17T22:36:05.000000Z"
"217","1110","","1330","247","2021-06-17T22:36:05.000000Z","2021-06-17T22:36:05.000000Z"
"218","1110","","1145","248","2021-06-17T22:36:05.000000Z","2021-06-17T22:36:05.000000Z"
"219","1110","","213","249","2021-06-17T22:36:05.000000Z","2021-06-17T22:36:05.000000Z"
"220","1110","","41","250","2021-06-17T22:36:05.000000Z","2021-06-17T22:36:05.000000Z"
"221","1110","","522","251","2021-06-17T22:36:05.000000Z","2021-06-17T22:36:05.000000Z"
"222","1110","","114","252","2021-06-17T22:36:05.000000Z","2021-06-17T22:36:05.000000Z"
"223","1110","","1326","253","2021-06-17T22:36:05.000000Z","2021-06-17T22:36:05.000000Z"
"224","1110","","1378","254","2021-06-17T22:36:05.000000Z","2021-06-17T22:36:05.000000Z"
"225","1110","","130","255","2021-06-17T22:36:05.000000Z","2021-06-17T22:36:05.000000Z"
"226","1110","","1443","256","2021-06-17T22:36:05.000000Z","2021-06-17T22:36:05.000000Z"
"227","1110","","688","257","2021-06-17T22:36:05.000000Z","2021-06-17T22:36:05.000000Z"
"228","1110","","87","258","2021-06-17T22:36:05.000000Z","2021-06-17T22:36:05.000000Z"
"229","1110","","260","259","2021-06-17T22:36:06.000000Z","2021-06-17T22:36:06.000000Z"
"230","1111","","566","260","2021-06-17T22:36:06.000000Z","2021-06-17T22:36:06.000000Z"
"231","1112","","836","261","2021-06-17T22:36:06.000000Z","2021-06-17T22:36:06.000000Z"
"232","1113","","703","262","2021-06-17T22:36:06.000000Z","2021-06-17T22:36:06.000000Z"
"233","1114","","1126","263","2021-06-17T22:36:06.000000Z","2021-06-17T22:36:06.000000Z"
"234","1115","","383","264","2021-06-17T22:36:06.000000Z","2021-06-17T22:36:06.000000Z"
"235","1116","","278","265","2021-06-17T22:36:06.000000Z","2021-06-17T22:36:06.000000Z"
"236","1117","","302","266","2021-06-17T22:36:06.000000Z","2021-06-17T22:36:06.000000Z"
"237","1118","","603","267","2021-06-17T22:36:06.000000Z","2021-06-17T22:36:06.000000Z"
"238","1119","","258","268","2021-06-17T22:36:06.000000Z","2021-06-17T22:36:06.000000Z"
"239","1120","","816","269","2021-06-17T22:36:06.000000Z","2021-06-17T22:36:06.000000Z"
"240","1121","","809","270","2021-06-17T22:36:06.000000Z","2021-06-17T22:36:06.000000Z"
"241","1122","","330","271","2021-06-17T22:36:06.000000Z","2021-06-17T22:36:06.000000Z"
"242","1123","","1376","272","2021-06-17T22:36:06.000000Z","2021-06-17T22:36:06.000000Z"
"243","1124","","369","273","2021-06-17T22:36:06.000000Z","2021-06-17T22:36:06.000000Z"
"244","1125","","1283","274","2021-06-17T22:36:06.000000Z","2021-06-17T22:36:06.000000Z"
"245","1126","","911","275","2021-06-17T22:36:06.000000Z","2021-06-17T22:36:06.000000Z"
"246","1127","","45","276","2021-06-17T22:36:06.000000Z","2021-06-17T22:36:06.000000Z"
"247","1128","","764","277","2021-06-17T22:36:06.000000Z","2021-06-17T22:36:06.000000Z"
"248","1129","","1069","278","2021-06-17T22:36:06.000000Z","2021-06-17T22:36:06.000000Z"
"249","1130","","1489","279","2021-06-17T22:36:06.000000Z","2021-06-17T22:36:06.000000Z"
"250","1131","","180","280","2021-06-17T22:36:06.000000Z","2021-06-17T22:36:06.000000Z"
"251","1132","","224","281","2021-06-17T22:36:06.000000Z","2021-06-17T22:36:06.000000Z"
"252","1133","","15","282","2021-06-17T22:36:06.000000Z","2021-06-17T22:36:06.000000Z"
"253","1134","","800","283","2021-06-17T22:36:06.000000Z","2021-06-17T22:36:06.000000Z"
"254","1135","","1238","284","2021-06-17T22:36:06.000000Z","2021-06-17T22:36:06.000000Z"
"255","1136","","1241","285","2021-06-17T22:36:06.000000Z","2021-06-17T22:36:06.000000Z"
"256","1137","","476","286","2021-06-17T22:36:07.000000Z","2021-06-17T22:36:07.000000Z"
"257","1138","","1448","287","2021-06-17T22:36:07.000000Z","2021-06-17T22:36:07.000000Z"
"258","1138","","1470","288","2021-06-17T22:36:07.000000Z","2021-06-17T22:36:07.000000Z"
"259","1138","","982","289","2021-06-17T22:36:07.000000Z","2021-06-17T22:36:07.000000Z"
"260","1138","","854","290","2021-06-17T22:36:07.000000Z","2021-06-17T22:36:07.000000Z"
"261","1138","","1453","291","2021-06-17T22:36:07.000000Z","2021-06-17T22:36:07.000000Z"
"262","1138","","95","292","2021-06-17T22:36:07.000000Z","2021-06-17T22:36:07.000000Z"
"263","1138","","364","293","2021-06-17T22:36:07.000000Z","2021-06-17T22:36:07.000000Z"
"264","1138","","657","294","2021-06-17T22:36:07.000000Z","2021-06-17T22:36:07.000000Z"
"265","1138","","77","295","2021-06-17T22:36:07.000000Z","2021-06-17T22:36:07.000000Z"
"266","1138","","365","296","2021-06-17T22:36:07.000000Z","2021-06-17T22:36:07.000000Z"
"267","1138","","149","297","2021-06-17T22:36:07.000000Z","2021-06-17T22:36:07.000000Z"
"268","1138","","454","298","2021-06-17T22:36:07.000000Z","2021-06-17T22:36:07.000000Z"
"269","1138","","414","299","2021-06-17T22:36:07.000000Z","2021-06-17T22:36:07.000000Z"
"270","1138","","1317","300","2021-06-17T22:36:07.000000Z","2021-06-17T22:36:07.000000Z"
"271","1138","5","1505","302","2021-06-18T17:16:28.000000Z","2021-06-18T17:16:28.000000Z"
"272","1139","5","1506","303","2021-06-18T17:17:43.000000Z","2021-06-18T17:17:43.000000Z"
"273","1140","5","1507","304","2021-06-18T17:20:53.000000Z","2021-06-18T17:20:53.000000Z"
"274","1141","5","1","305","2021-06-18T17:49:41.000000Z","2021-06-18T17:49:41.000000Z"
"275","1142","5","256","306","2021-06-18T17:55:39.000000Z","2021-06-18T17:55:39.000000Z"
"276","1143","5","1280","307","2021-06-18T17:56:06.000000Z","2021-06-18T17:56:06.000000Z"
"277","1144","5","1024","308","2021-06-18T18:00:14.000000Z","2021-06-18T18:00:14.000000Z"
"278","1145","5","1281","309","2021-06-18T18:00:59.000000Z","2021-06-18T18:00:59.000000Z"
"279","1146","5","257","310","2021-06-18T18:05:50.000000Z","2021-06-18T18:05:50.000000Z"
